"","DroughtTimePds","N","meanCH4_nmolm2s_fluxuse","sdCH4_nmolm2s_fluxuse","seCH4_nmolm2s_fluxuse","ciCH4_nmolm2s_fluxuse"
"1","Pre-Drought",310,0.00227015574193548,0.0230378567904876,0.00130846233998465,0.00257462325097261
"2","Drought",4505,-0.359962432468368,5.41097148664669,0.0806172255428665,0.158049331167491
"3","Drought Recovery",1357,-0.127833628592483,2.099177648355,0.0569848316535211,0.111787998066762
"4","Post-Drought",470,0.0618292469787234,0.943142571936389,0.0435039228115973,0.0854867304737376
