"","DroughtTimePds","N","meanN2O_nmolm2s_fluxuse","sdN2O_nmolm2s_fluxuse","seN2O_nmolm2s_fluxuse","ciN2O_nmolm2s_fluxuse"
"1","Pre-Drought",310,-0.00122565929032258,0.00541088904493386,0.000307317846686798,0.000604700379475916
"2","Drought",4505,-0.386857350517203,1.83319665833395,0.0273125128886836,0.0535459309780462
"3","Drought Recovery",1357,-0.420608266028003,2.56410779499679,0.0696059483835847,0.136547031860162
"4","Post-Drought",468,-0.284790069508547,1.23614656944054,0.0571408953859844,0.112285102838739
