"","DroughtTimePds","N","meanCO2_umolm2s_fluxuse","sdCO2_umolm2s_fluxuse","seCO2_umolm2s_fluxuse","ciCO2_umolm2s_fluxuse"
"1","Pre-Drought",310,2.61653369819355,2.58596307208094,0.146872832971426,0.288997397287633
"2","Drought",4505,3.51669826438402,3.32446596852314,0.0495307032120596,0.0971044892975009
"3","Drought Recovery",1357,2.32875790275608,2.85038007761844,0.0773771714837581,0.151791956653142
"4","Post-Drought",470,1.4431208927234,1.86193947651107,0.0858848637271212,0.168766762229931
