"","DroughtTimePds","N","meanCH4_nmolm2s_fluxuse","sdCH4_nmolm2s_fluxuse","seCH4_nmolm2s_fluxuse","ciCH4_nmolm2s_fluxuse"
"1","Pre-Drought",39,5.26463529102564,17.934808733672,2.87186781137025,5.81379243686458
"2","Drought",2608,-0.456073254980828,3.0753304219888,0.0602196172547151,0.118083103569534
"3","Drought Recovery",1950,0.247180353292308,2.00820558336599,0.0454769012377251,0.0891884756420089
"4","Post-Drought",3697,9.15060655136868,24.4116565907983,0.401487960593136,0.787159720319847
