"","DroughtTimePds","N","meanCO2_umolm2s_fluxuse","sdCO2_umolm2s_fluxuse","seCO2_umolm2s_fluxuse","ciCO2_umolm2s_fluxuse"
"1","Pre-Drought",42,2.31210224166667,2.45803127748245,0.379282460427142,0.765976468202423
"2","Drought",2623,3.09207799924514,3.39623827672809,0.0663130505683584,0.130031215208966
"3","Drought Recovery",2026,2.36824889839092,2.68495216146818,0.0596508767945259,0.116983491763035
"4","Post-Drought",3890,2.47462538986632,2.2804075128875,0.036562649774997,0.0716837866031495
