"","DroughtTimePds","N","meanN2O_nmolm2s_fluxuse","sdN2O_nmolm2s_fluxuse","seN2O_nmolm2s_fluxuse","ciN2O_nmolm2s_fluxuse"
"1","Pre-Drought",29,-0.247163146896552,0.554898861129515,0.103042131671506,0.211072238421719
"2","Drought",1843,-0.26317462918611,1.19922111776603,0.0279342232715753,0.0547860706683112
"3","Drought Recovery",1092,-0.261562105137363,1.95121496256206,0.0590464508748944,0.115857447909824
"4","Post-Drought",1526,-0.538423622365662,2.70399107323983,0.0692194249026503,0.135775340783368
